Country Name,Country Code,Indicator Name,2015,2016,2017,2018,2019,
Aruba,ABW,GDP per capita (current US$),25796.3802506382,25239.6004109932,25630.2664922069,,,
Afghanistan,AFG,GDP per capita (current US$),578.466352941708,547.228110150363,556.302138508508,520.896602719135,,
Angola,AGO,GDP per capita (current US$),4166.97968386501,3506.07288506966,4095.81294155857,3432.38573600893,,
Albania,ALB,GDP per capita (current US$),3952.82945832578,4124.10890718622,4532.89016212124,5268.84850355919,,
Andorra,AND,GDP per capita (current US$),36039.6534962289,37224.1089162924,39134.3933706717,42029.7627372989,,
Arab World,ARB,GDP per capita (current US$),6460.18296780202,6215.04815015502,6280.74376938016,6610.15026219846,,
United Arab Emirates,ARE,GDP per capita (current US$),38663.3838066363,38141.8467585492,39811.634701763,43004.9533584848,,
Argentina,ARG,GDP per capita (current US$),13789.060424772,12790.2424732447,14591.8633810541,11683.9496216363,,
Armenia,ARM,GDP per capita (current US$),3607.29669672271,3591.82927553023,3914.5012684128,4212.07094272937,,
American Samoa,ASM,GDP per capita (current US$),11843.3311832581,11696.9555623329,10823.4448040273,11466.6907058505,,
Antigua and Barbuda,ATG,GDP per capita (current US$),14286.0931598293,15197.6174551735,15383.4151884998,16726.9808079479,,
Australia,AUS,GDP per capita (current US$),56755.7217124249,49971.131456129,54066.4712686117,57395.9194663167,,
Austria,AUT,GDP per capita (current US$),44178.0473777432,45237.8050921543,47431.630607607,51499.8853614086,,
Azerbaijan,AZE,GDP per capita (current US$),5500.32049702735,3880.73873089556,4147.08971569171,4722.38167888335,,
Burundi,BDI,GDP per capita (current US$),305.549772797441,282.193130404814,292.997630684415,271.752044376648,,
Belgium,BEL,GDP per capita (current US$),40991.8081381432,42012.0999001128,44219.5619960117,47472.1367302078,,
Benin,BEN,GDP per capita (current US$),1076.79771601166,1087.28783152256,1136.59284704681,1240.82946441954,,
Burkina Faso,BFA,GDP per capita (current US$),575.314454176311,582.795444327329,642.429838650148,715.12290404614,,
Bangladesh,BGD,GDP per capita (current US$),1248.45339778371,1401.62062821515,1563.99408178663,1698.26280233547,,
Bulgaria,BGR,GDP per capita (current US$),6993.78348267387,7469.45563823624,8228.0115697265,9271.54563263874,,
Bahrain,BHR,GDP per capita (current US$),22688.9637865734,22619.1166718849,23715.4827473156,24050.7575053956,,
"Bahamas, The",BHS,GDP per capita (current US$),31405.9635601781,31588.8349989813,31827.2426989661,32217.871590084,,
Bosnia and Herzegovina,BIH,GDP per capita (current US$),4727.27738086936,4994.68314045091,5394.59122017677,6065.67270824158,,
Belarus,BLR,GDP per capita (current US$),5949.10630699748,5022.62664330491,5761.74712023007,6330.0752464187,,
Belize,BLZ,GDP per capita (current US$),4775.91507722419,4818.40439383538,4887.55982047899,4884.74242133376,,
Bermuda,BMU,GDP per capita (current US$),,,,,,
Bolivia,BOL,GDP per capita (current US$),3035.97221489277,3076.6589493424,3351.12405268555,3548.59013979338,,
Brazil,BRA,GDP per capita (current US$),8814.00098681261,8710.09668954121,9925.38623770041,9001.23424863499,,
Barbados,BRB,GDP per capita (current US$),16561.8735192273,16936.9060448712,17431.6029248899,17949.2815054371,,
Brunei Darussalam,BRN,GDP per capita (current US$),31164.5620291141,27157.8234104784,28572.1467776509,31628.3287914349,,
Bhutan,BTN,GDP per capita (current US$),2752.66420795769,2930.56298819354,3286.57470378318,3243.23112508014,,
Botswana,BWA,GDP per capita (current US$),6799.87523352768,7243.85299726842,7893.21010771116,8258.64166574691,,
Central African Republic,CAF,GDP per capita (current US$),377.271253829801,401.918238362335,449.786423510424,475.721250544318,,
Canada,CAN,GDP per capita (current US$),43495.0543869902,42279.9008231637,45066.1619018552,46234.3507461125,,
Central Europe and the Baltics,CEB,GDP per capita (current US$),12489.5118732289,12787.1184759532,14183.3755478199,15926.0982380038,,
Switzerland,CHE,GDP per capita (current US$),82081.6092055418,80172.1933039266,80450.0458197413,82828.797372173,,
Channel Islands,CHI,GDP per capita (current US$),,,,,,
Chile,CHL,GDP per capita (current US$),13574.1718307156,13748.0876632921,15037.3502805385,15923.3587375381,,
China,CHN,GDP per capita (current US$),8033.38804310679,8078.79047437238,8759.04157775098,9770.84708783314,,
Cote d'Ivoire,CIV,GDP per capita (current US$),1426.45786352384,1481.65223087732,1557.18281424798,1715.53133212649,,
Cameroon,CMR,GDP per capita (current US$),1326.96927718029,1363.40385121739,1421.58749243688,1533.74213975885,,
"Congo, Dem. Rep.",COD,GDP per capita (current US$),497.316960805476,471.318840409572,467.07423746489,561.777182390425,,
"Congo, Rep.",COG,GDP per capita (current US$),1761.32356974061,1814.06341798173,1702.571349341,2147.76946104594,,
Colombia,COL,GDP per capita (current US$),6175.87602970259,5871.22352385952,6375.93206285311,6667.7906995498,,
Comoros,COM,GDP per capita (current US$),1242.10288470331,1272.19394336975,1320.54186667961,1415.26362231562,,
Cabo Verde,CPV,GDP per capita (current US$),3043.01398430098,3130.9822291706,3292.6457550859,3635.40684982339,,
Costa Rica,CRI,GDP per capita (current US$),11299.1355423011,11666.4559107759,11752.5434010771,12027.3658826316,,
Caribbean small states,CSS,GDP per capita (current US$),9920.62652056646,9368.93139391198,9515.00723984743,9991.01614896676,,
Cuba,CUB,GDP per capita (current US$),7694.0119195241,8060.79588647979,8541.2106734664,8821.81889125004,,
Curacao,CUW,GDP per capita (current US$),19951.3279030441,19555.3658492891,19457.5315232205,19573.8926023729,,
Cayman Islands,CYM,GDP per capita (current US$),76280.4862528245,78296.0999272332,81124.5134794821,,,
Cyprus,CYP,GDP per capita (current US$),23333.7149112129,24532.5190588269,26338.6943443136,28689.6985789646,,
Czech Republic,CZE,GDP per capita (current US$),17715.6168523009,18463.3865756564,20379.8960396417,23069.383245434,,
Germany,DEU,GDP per capita (current US$),41139.5445685533,42098.9204453545,44240.0441099604,47615.7400276733,,
Djibouti,DJI,GDP per capita (current US$),2675.60537449629,2818.37685569239,2930.70317165342,3082.54309871957,,
Dominica,DMA,GDP per capita (current US$),7596.43506226258,8080.96862341186,7274.72133332918,7691.34509727878,,
Denmark,DNK,GDP per capita (current US$),53254.8560039631,54663.9983719195,57141.0598350413,61390.6930097009,,
Dominican Republic,DOM,GDP per capita (current US$),6921.51737075206,7280.87316423465,7609.34549150864,8050.63160184635,,
Algeria,DZA,GDP per capita (current US$),4177.86751715913,3946.4214445883,4044.29837226523,4114.71506136896,,
East Asia & Pacific (excluding high income),EAP,GDP per capita (current US$),6489.34705091626,6556.66256817291,7083.68158767935,7822.36754207322,,
Early-demographic dividend,EAR,GDP per capita (current US$),3292.42700428926,3322.93645659957,3547.08865724556,3582.13621212757,,
East Asia & Pacific,EAS,GDP per capita (current US$),9531.97849487076,9772.53563553669,10341.6670743322,11142.5518735934,,
Europe & Central Asia (excluding high income),ECA,GDP per capita (current US$),7533.44078676187,7176.37582394026,8010.68884908849,8181.08989142481,,
Europe & Central Asia,ECS,GDP per capita (current US$),22549.5469787357,22376.8625219442,23563.5070734497,25130.0985330201,,
Ecuador,ECU,GDP per capita (current US$),6124.49164262072,6060.09332904415,6213.50127649921,6344.87197850057,,
"Egypt, Arab Rep.",EGY,GDP per capita (current US$),3598.9709482021,3525.02016450058,2440.51017311107,2549.13225178609,,
Euro area,EMU,GDP per capita (current US$),34382.0804017155,35142.3430822357,36997.7270415804,39918.8573133059,,
Eritrea,ERI,GDP per capita (current US$),,,,,,
Spain,ESP,GDP per capita (current US$),25732.0183647454,26505.3432155204,28100.8522848303,30323.651062874,,
Estonia,EST,GDP per capita (current US$),17522.230186252,18237.2958432683,20337.8497289442,23247.1098430453,,
Ethiopia,ETH,GDP per capita (current US$),640.541891313682,717.124592933285,768.425025531532,772.313530261357,,
European Union,EUU,GDP per capita (current US$),30469.8967986692,31161.6373836095,32952.4378640604,35616.086693231,,
Fragile and conflict affected situations,FCS,GDP per capita (current US$),2438.11916366678,2181.72606740013,2227.43516823412,2216.27580361102,,
Finland,FIN,GDP per capita (current US$),42811.2129936435,43777.4400888075,46191.9311557681,50175.2998156593,,
Fiji,FJI,GDP per capita (current US$),5390.74523711745,5651.31805482702,6101.03083866498,6266.96796528074,,
France,FRA,GDP per capita (current US$),36638.184929157,37038.9551282086,38679.1271482419,41469.9195544229,,
Faroe Islands,FRO,GDP per capita (current US$),52404.6593331379,55822.9147203438,,,,
"Micronesia, Fed. Sts.",FSM,GDP per capita (current US$),2906.37722112463,3014.7000181241,3289.70122265962,3568.29082936098,,
Gabon,GAB,GDP per capita (current US$),7381.74674851952,6979.70919563581,7212.53574430676,7952.52589277651,,
United Kingdom,GBR,GDP per capita (current US$),44974.8318771782,41064.1334316223,40361.4173832159,42962.4127663553,,
Georgia,GEO,GDP per capita (current US$),4014.18594419329,4062.16988757379,4357.01162453036,4722.77719386493,,
Ghana,GHA,GDP per capita (current US$),1766.00570099776,1931.38947036943,2025.88585713133,2202.31216442504,,
Gibraltar,GIB,GDP per capita (current US$),,,,,,
Guinea,GIN,GDP per capita (current US$),769.256013746016,732.962172595344,855.573639877367,878.599613250501,,
"Gambia, The",GMB,GDP per capita (current US$),660.723571244322,682.718020328255,679.777332561109,716.118488979126,,
Guinea-Bissau,GNB,GDP per capita (current US$),603.158512942404,661.007654906181,736.725566231783,777.969921802522,,
Equatorial Guinea,GNQ,GDP per capita (current US$),11283.46560612,9250.33195308226,9667.91225173046,10144.1958108456,,
Greece,GRC,GDP per capita (current US$),18167.7737169162,18116.4596223336,18883.4600669282,20316.5683305736,,
Grenada,GRD,GDP per capita (current US$),9096.87064595412,9628.34748662013,10163.6298527725,10640.496760331,,
Greenland,GRL,GDP per capita (current US$),44536.4013080999,48181.874188064,,,,
Guatemala,GTM,GDP per capita (current US$),3923.57334364713,4140.58982610593,4470.60999392312,4549.01008110721,,
Guam,GUM,GDP per capita (current US$),35278.9259389693,35562.8379083283,35615.8046274371,35712.5621350321,,
Guyana,GUY,GDP per capita (current US$),4166.12851559884,4542.62206666493,4586.05457171312,4979.00218839886,,
High income,HIC,GDP per capita (current US$),40201.7484596349,40801.3185608848,42384.8413444083,44806.2455304738,,
"Hong Kong SAR, China",HKG,GDP per capita (current US$),42431.8882817277,43734.2499937722,46225.7818690007,48675.6164599767,,
Honduras,HND,GDP per capita (current US$),2302.20137936204,2342.58465119568,2453.72789597457,2505.7767518956,,
Heavily indebted poor countries (HIPC),HPC,GDP per capita (current US$),928.244405148755,925.155242068063,999.400029204607,939.616349568883,,
Croatia,HRV,GDP per capita (current US$),11782.9025486428,12360.47325706,13412.3419505426,14915.3720715736,,
Haiti,HTI,GDP per capita (current US$),815.728284410317,735.301770321704,765.727294324274,868.34202469407,,
Hungary,HUN,GDP per capita (current US$),12651.5683423004,12992.375667515,14457.608763614,16150.7727613725,,
IBRD only,IBD,GDP per capita (current US$),5570.85464552408,5550.94766228872,6057.66242120911,6389.16173590935,,
IDA & IBRD total,IBT,GDP per capita (current US$),4527.80662730394,4488.76237934593,4866.40995063241,5102.49141502636,,
IDA total,IDA,GDP per capita (current US$),1376.68422664775,1319.77867489464,1356.42293304084,1362.05447894741,,
IDA blend,IDB,GDP per capita (current US$),1973.11251661706,1788.10843583227,1734.73107141185,1788.79658990965,,
Indonesia,IDN,GDP per capita (current US$),3331.69512758628,3562.84575641971,3836.91381389271,3893.59607757239,,
IDA only,IDX,GDP per capita (current US$),1063.82239896898,1077.89088085693,1165.78485096356,1144.23950380697,,
Isle of Man,IMN,GDP per capita (current US$),81606.2800333934,79155.541672096,80989.1722114502,,,
India,IND,GDP per capita (current US$),1605.60543109026,1729.26802051544,1981.26870609561,2009.97885727039,,
Not classified,INX,GDP per capita (current US$),,,,,,
Ireland,IRL,GDP per capita (current US$),61995.4227789928,63197.0823744196,69649.8827399743,78582.9480997567,,
"Iran, Islamic Rep.",IRN,GDP per capita (current US$),4916.08593793143,5265.90663458425,5627.74926845456,,,
Iraq,IRQ,GDP per capita (current US$),4989.80307473071,4776.72649939342,5205.28825481948,5834.16621076061,,
Iceland,ISL,GDP per capita (current US$),52428.5957626253,61757.9493064483,71314.774196294,73368.1174642654,,
Israel,ISR,GDP per capita (current US$),35776.7951710172,37321.6240366845,40541.8620907084,41719.7254417057,,
Italy,ITA,GDP per capita (current US$),30230.2263021296,30936.125444977,32326.8417463954,34488.6388549862,,
Jamaica,JAM,GDP per capita (current US$),4907.50371974316,4843.33847410864,5069.18383810726,5354.2368587703,,
Jordan,JOR,GDP per capita (current US$),4105.44896083238,4103.73359991068,4162.82068657256,4241.78878213854,,
Japan,JPN,GDP per capita (current US$),34524.4698609337,38794.3309405515,38331.9793978104,39289.9584346358,,
Kazakhstan,KAZ,GDP per capita (current US$),10510.7718884148,7714.84184376024,9247.58133129626,9814.7862577328,,
Kenya,KEN,GDP per capita (current US$),1336.8833490475,1410.5275710827,1568.20154066413,1710.51009699405,,
Kyrgyz Republic,KGZ,GDP per capita (current US$),1121.08283510739,1120.66651300848,1242.76964282023,1279.94505737786,,
Cambodia,KHM,GDP per capita (current US$),1162.90491997151,1278.63106216298,1385.45836254396,1510.3248705764,,
Kiribati,KIR,GDP per capita (current US$),1542.5752495838,1584.80744578963,1625.575969558,1625.28610001512,,
St. Kitts and Nevis,KNA,GDP per capita (current US$),18029.3255386512,18811.9451170299,19155.4317310874,19275.4185126566,,
"Korea, Rep.",KOR,GDP per capita (current US$),27105.076226264,27623.2886934892,29803.2314870196,31380.1464468654,,
Kuwait,KWT,GDP per capita (current US$),29869.5293908248,27653.1644010105,29759.5324471408,33994.4065667831,,
Latin America & Caribbean (excluding high income),LAC,GDP per capita (current US$),8453.82880367977,8136.85045962308,8983.93770540052,8576.16960081681,,
Lao PDR,LAO,GDP per capita (current US$),2134.71179567796,2308.80048220079,2423.8462031921,2542.4865281792,,
Lebanon,LBN,GDP per capita (current US$),7649.8326108624,7634.94654364282,7838.34338489943,8269.78767551923,,
Liberia,LBR,GDP per capita (current US$),710.383857717515,714.623392230031,698.70176435511,677.322178545364,,
Libya,LBY,GDP per capita (current US$),4337.91913919348,4035.1943155047,5756.42314018283,7241.70448113024,,
St. Lucia,LCA,GDP per capita (current US$),9262.25611518645,9452.05536381157,10039.6714141126,10566.0497458462,,
Latin America & Caribbean,LCN,GDP per capita (current US$),8862.92476515229,8570.5919749233,9423.03860364219,9072.68036208631,,
Least developed countries: UN classification,LDC,GDP per capita (current US$),1024.98994921996,1012.56584416081,1110.00488737708,1057.98604201905,,
Low income,LIC,GDP per capita (current US$),801.988637009799,765.169691626458,795.794303089909,840.860138270249,,
Liechtenstein,LIE,GDP per capita (current US$),167290.939983907,165028.245029187,,,,
Sri Lanka,LKA,GDP per capita (current US$),3843.78067184442,3886.29150165239,4104.63098320435,4102.48135014467,,
Lower middle income,LMC,GDP per capita (current US$),1996.21009152207,2049.67383434143,2187.98896665772,2217.61351761399,,
Low & middle income,LMY,GDP per capita (current US$),4420.93222015016,4383.33828691909,4750.54580083438,4975.11498702911,,
Lesotho,LSO,GDP per capita (current US$),1112.08144054711,1115.33607520903,1226.6126297762,1299.15312598733,,
Late-demographic dividend,LTE,GDP per capita (current US$),8197.97171827014,8147.1116052222,8954.48947026081,9703.60049859152,,
Lithuania,LTU,GDP per capita (current US$),14249.1149666026,14999.4796391329,16840.938567953,19071.299790553,,
Luxembourg,LUX,GDP per capita (current US$),101376.496574339,104278.390971905,107361.306947271,116597.295637954,,
Latvia,LVA,GDP per capita (current US$),13698.9379476476,14153.4149226916,15548.0823130571,17854.7599635064,,
"Macao SAR, China",MAC,GDP per capita (current US$),75340.9869811152,74061.0860345658,81516.6749248075,87208.535912643,,
St. Martin (French part),MAF,GDP per capita (current US$),,,,,,
Morocco,MAR,GDP per capita (current US$),2875.25798516781,2896.72000268117,3036.32525487301,3222.20063433213,,
Monaco,MCO,GDP per capita (current US$),165937.865343145,169915.804840176,167101.759376942,185741.279991587,,
Moldova,MDA,GDP per capita (current US$),2732.45711293733,2880.43928129296,3509.69345025814,4228.9224754993,,
Madagascar,MDG,GDP per capita (current US$),467.235277373582,475.955365636474,515.292738970352,527.501285041282,,
Maldives,MDV,GDP per capita (current US$),9033.3904129872,9209.28862477108,9540.63434888323,10330.615614094,,
Middle East & North Africa,MEA,GDP per capita (current US$),7389.22350891522,7275.57905480745,7419.12785315043,8044.3218889333,,
Mexico,MEX,GDP per capita (current US$),9605.95235103139,8739.75604280929,9278.41816833763,9673.44367360619,,
Marshall Islands,MHL,GDP per capita (current US$),3213.83728825363,3473.77500649519,3666.69537359193,3788.16359372058,,
Middle income,MIC,GDP per capita (current US$),4852.38728119164,4820.26992296252,5234.50382762359,5489.30481808577,,
North Macedonia,MKD,GDP per capita (current US$),4840.27312286783,5129.15896023703,5417.64201944282,6083.71894832148,,
Mali,MLI,GDP per capita (current US$),751.170593517089,779.874933008414,828.511976401524,899.659908096615,,
Malta,MLT,GDP per capita (current US$),24077.0108248549,25151.5196168932,27283.5447293274,30029.9670447209,,
Myanmar,MMR,GDP per capita (current US$),1133.00281580351,1192.49533785043,1249.82874570041,1325.9529237064,,
Middle East & North Africa (excluding high income),MNA,GDP per capita (current US$),3963.37285694474,3939.87659633446,3825.03406310963,,,
Montenegro,MNE,GDP per capita (current US$),6514.27269528653,7028.93657685094,7784.06528996557,8845.91421887296,,
Mongolia,MNG,GDP per capita (current US$),3918.57917389554,3660.15074616061,3669.4175404033,4121.73243469391,,
Northern Mariana Islands,MNP,GDP per capita (current US$),16690.5700968089,22246.7430768136,28305.222587603,23258.6758552794,,
Mozambique,MOZ,GDP per capita (current US$),589.859028149831,428.926487995524,461.415094120589,498.957220208652,,
Mauritania,MRT,GDP per capita (current US$),1193.40059592486,1123.88816589683,1145.54794727391,1188.83458753973,,
Mauritius,MUS,GDP per capita (current US$),9260.44730250635,9681.61856689674,10484.9083620411,11238.6903948961,,
Malawi,MWI,GDP per capita (current US$),380.597033140938,315.777326372575,356.717573153369,389.398033178836,,
Malaysia,MYS,GDP per capita (current US$),9955.24212653611,9817.74086096214,10254.2340242588,11373.2330025676,,
North America,NAC,GDP per capita (current US$),55493.6314587881,56360.576552448,58459.6494449519,61197.8557253429,,
Namibia,NAM,GDP per capita (current US$),5032.88976228194,4786.23530295128,5646.45600811344,5931.45388611617,,
New Caledonia,NCL,GDP per capita (current US$),,,,,,
Niger,NER,GDP per capita (current US$),360.853384070947,362.131132274334,375.869489673522,413.980304962089,,
Nigeria,NGA,GDP per capita (current US$),2730.4303237015,2175.99967021858,1968.55958830575,2028.18197017598,,
Nicaragua,NIC,GDP per capita (current US$),2049.84968976149,2107.56717992428,2159.16307935984,2020.54702818624,,
Netherlands,NLD,GDP per capita (current US$),45175.2318933798,46007.8529206547,48554.9922761756,53022.1913911959,,
Norway,NOR,GDP per capita (current US$),74355.5158575643,70460.5605323322,75496.7540581998,81734.4655736102,,
Nepal,NPL,GDP per capita (current US$),792.552890593381,777.147595512165,911.444266508683,1033.91243082634,,
Nauru,NRU,GDP per capita (current US$),8013.35760796908,7820.7295990997,8844.74280553977,9888.89359652993,,
New Zealand,NZL,GDP per capita (current US$),38559.5470380365,40026.8521964671,42260.1251767853,42330.9063973053,,
OECD members,OED,GDP per capita (current US$),36628.9415409686,37094.0654431197,38432.1692536135,40426.9140529326,,
Oman,OMN,GDP per capita (current US$),16150.8872575968,14721.6473328796,15130.4978264405,16415.1572780989,,
Other small states,OSS,GDP per capita (current US$),12808.3992557087,12417.9322010384,13437.6830016133,14682.0359351668,,
Pakistan,PAK,GDP per capita (current US$),1356.66775582649,1368.45432627629,1464.99330546855,1482.40306306798,,
Panama,PAN,GDP per capita (current US$),13630.3079737945,14356.3240541798,15166.124432066,15575.0725482915,,
Peru,PER,GDP per capita (current US$),6229.10169612596,6204.99726003927,6710.50802896038,6941.23584763012,,
Philippines,PHL,GDP per capita (current US$),2867.15199022128,2941.21203999356,2981.93415144162,3102.71336329931,,
Palau,PLW,GDP per capita (current US$),15871.8426266629,16932.3328631876,16078.2681940701,15859.4348578768,,
Papua New Guinea,PNG,GDP per capita (current US$),2679.34558891149,2509.63145745887,2695.25188280292,2730.27479935873,,
Poland,POL,GDP per capita (current US$),12572.3078809992,12431.5754242492,13856.9823892845,15422.4534677396,,
Pre-demographic dividend,PRE,GDP per capita (current US$),1590.11210072863,1423.6331445225,1475.39575449428,1440.2719359803,,
Puerto Rico,PRI,GDP per capita (current US$),29764.0538920397,30628.7547758033,31353.4341794183,31651.3481514031,,
"Korea, Dem. Peopleâ€™s Rep.",PRK,GDP per capita (current US$),,,,,,
Portugal,PRT,GDP per capita (current US$),19242.3664710981,19978.401214968,21437.3475036794,23403.2176426469,,
Paraguay,PRY,GDP per capita (current US$),5406.70385708338,5319.41021789703,5680.58076826353,5821.81432292324,,
West Bank and Gaza,PSE,GDP per capita (current US$),2967.85174651975,3074.29115236515,3254.48588658763,3198.86664447405,,
Pacific island small states,PSS,GDP per capita (current US$),3781.79768021972,3900.40335197991,4133.25731046749,4224.52989029586,,
Post-demographic dividend,PST,GDP per capita (current US$),40503.8574256079,41213.2859288139,42751.0604363056,45148.8706773344,,
French Polynesia,PYF,GDP per capita (current US$),,,,,,
Qatar,QAT,GDP per capita (current US$),63039.0165548075,57163.0609918357,61264.3964777979,68793.7844372614,,
Romania,ROU,GDP per capita (current US$),8977.43738227167,9567.03174321711,10807.6844848917,12306.1097482049,,
Russian Federation,RUS,GDP per capita (current US$),9313.78754211991,8745.37511683101,10750.5871197198,11288.8784475021,,
Rwanda,RWA,GDP per capita (current US$),728.081879388981,726.347974491846,762.914374550788,772.944459929187,,
South Asia,SAS,GDP per capita (current US$),1541.80368396863,1648.62449052113,1866.9376986432,1902.8026286069,,
Saudi Arabia,SAU,GDP per capita (current US$),20627.9327820675,19879.2975304177,20803.7425657324,23338.9634580718,,
Sudan,SDN,GDP per capita (current US$),2486.74565866274,2398.10187999332,3015.02442975186,977.273635724417,,
Senegal,SEN,GDP per capita (current US$),1218.76424640812,1269.04040702421,1367.21894802284,1521.95355421391,,
Singapore,SGP,GDP per capita (current US$),55646.6187469505,56724.1703858863,60297.7937806208,64581.9440183954,,
Solomon Islands,SLB,GDP per capita (current US$),1914.46792975705,1986.41622920675,2059.04542688849,2137.69069539357,,
Sierra Leone,SLE,GDP per capita (current US$),588.228452702849,501.415712857832,499.38070781976,533.991184258936,,
El Salvador,SLV,GDP per capita (current US$),3705.54000206162,3800.10330164063,3902.24231785179,4058.25243928118,,
San Marino,SMR,GDP per capita (current US$),45774.5878900486,46692.3510916145,48494.5514112427,,,
Somalia,SOM,GDP per capita (current US$),293.455235696952,295.967851645127,309.055354770056,314.544165670763,,
Serbia,SRB,GDP per capita (current US$),5585.11793778445,5756.38119351044,6284.192671588,7246.19198607054,,
Sub-Saharan Africa (excluding high income),SSA,GDP per capita (current US$),1673.29118371509,1524.27359072467,1612.40221973559,1587.91418086887,,
South Sudan,SSD,GDP per capita (current US$),1119.65133182314,,,,,
Sub-Saharan Africa,SSF,GDP per capita (current US$),1674.51809487941,1525.52971232683,1613.68734486729,1589.24777521489,,
Small states,SST,GDP per capita (current US$),11715.1376593434,11333.5899227109,12153.2570766286,13197.5488034859,,
Sao Tome and Principe,STP,GDP per capita (current US$),1595.86142275725,1710.13394767919,1811.00963265499,2001.14090226164,,
Suriname,SUR,GDP per capita (current US$),8561.97417855142,5604.72256934099,5379.11941495353,6234.04492230646,,
Slovak Republic,SVK,GDP per capita (current US$),16309.073235592,16505.9980625369,17510.0889889901,19443.5624621918,,
Slovenia,SVN,GDP per capita (current US$),20881.7667686947,21622.580683576,23442.704281871,26041.8189678271,,
Sweden,SWE,GDP per capita (current US$),51397.1917561446,51974.196555344,53744.4290321437,54651.085366515,,
Eswatini,SWZ,GDP per capita (current US$),3689.51870428109,3447.6956981236,3953.08896990829,4145.97411168691,,
Sint Maarten (Dutch part),SXM,GDP per capita (current US$),,,,,,
Seychelles,SYC,GDP per capita (current US$),14745.3414620288,15077.8390242853,15683.6564988559,16433.9352865158,,
Syrian Arab Republic,SYR,GDP per capita (current US$),,,,,,
Turks and Caicos Islands,TCA,GDP per capita (current US$),24832.5963703066,25995.1724609535,25933.6074363465,27142.2277976902,,
Chad,TCD,GDP per capita (current US$),775.707523514754,692.978595813865,664.303315726258,728.343235359289,,
East Asia & Pacific (IDA & IBRD countries),TEA,GDP per capita (current US$),6558.02110913586,6625.86790575369,7158.25957902455,7904.54275618718,,
Europe & Central Asia (IDA & IBRD countries),TEC,GDP per capita (current US$),7996.10857636972,7662.74789377375,8545.22402910434,8840.15898098505,,
Togo,TGO,GDP per capita (current US$),570.910279013434,597.471088804109,626.09152789111,678.95563806112,,
Thailand,THA,GDP per capita (current US$),5840.04694787593,5978.61145407809,6578.18886493522,7273.56320732092,,
Tajikistan,TJK,GDP per capita (current US$),929.095857223746,802.518004052824,806.041573098044,826.621530538704,,
Turkmenistan,TKM,GDP per capita (current US$),6432.68070195019,6389.54840833488,6587.09031628698,6966.63541063077,,
Latin America & the Caribbean (IDA & IBRD countries),TLA,GDP per capita (current US$),8720.69845908035,8410.81833433834,9277.3840560921,8916.73067860781,,
Timor-Leste,TLS,GDP per capita (current US$),1334.6619555193,1358.20169150129,1294.71553448905,1237.10268208254,,
Middle East & North Africa (IDA & IBRD countries),TMN,GDP per capita (current US$),3974.81039088449,3949.75304068937,3831.27133748199,,,
Tonga,TON,GDP per capita (current US$),4320.63799011384,3966.15652021899,4217.47650679527,4364.01556134949,,
South Asia (IDA & IBRD),TSA,GDP per capita (current US$),1541.80368396863,1648.62449052113,1866.9376986432,1902.8026286069,,
Sub-Saharan Africa (IDA & IBRD countries),TSS,GDP per capita (current US$),1674.51809487941,1525.52971232683,1613.68734486729,1589.24777521489,,
Trinidad and Tobago,TTO,GDP per capita (current US$),18289.704340369,16176.9473700573,16238.1931916674,17129.9130902577,,
Tunisia,TUN,GDP per capita (current US$),3861.68853113497,3698.05850375479,3482.18672918633,3447.50790975551,,
Turkey,TUR,GDP per capita (current US$),10948.7246068236,10820.633842346,10513.6484152661,9370.1763438282,,
Tuvalu,TUV,GDP per capita (current US$),3197.79564502867,3255.89486619818,3572.60836706326,3700.71067713471,,
Tanzania,TZA,GDP per capita (current US$),947.933446487903,966.474622354379,1004.84112066441,1060.99461489421,,
Uganda,UGA,GDP per capita (current US$),709.021038589161,608.705735097409,631.522719792278,642.776744292007,,
Ukraine,UKR,GDP per capita (current US$),2124.66266591114,2187.73199668415,2640.67567655839,3095.17358053586,,
Upper middle income,UMC,GDP per capita (current US$),8035.71895742131,7926.86452609935,8673.49242259619,9212.07470189642,,
Uruguay,URY,GDP per capita (current US$),15613.7642726566,15387.14403013,16437.2448692778,17277.9701105496,,
United States,USA,GDP per capita (current US$),56822.5188202456,57927.5168515062,59957.7258513032,62886.8364845599,,
Uzbekistan,UZB,GDP per capita (current US$),2615.025134487,2567.79920656883,1826.56691924216,1532.37167679684,,
St. Vincent and the Grenadines,VCT,GDP per capita (current US$),6920.87807380804,7075.06582034944,7212.96018080962,7361.4009618002,,
"Venezuela, RB",VEN,GDP per capita (current US$),,,,,,
British Virgin Islands,VGB,GDP per capita (current US$),,,,,,
Virgin Islands (U.S.),VIR,GDP per capita (current US$),34797.14046978,35931.5412519766,35938.0243875154,,,
Vietnam,VNM,GDP per capita (current US$),2085.10148409879,2192.21453866566,2365.62166567374,2566.59694958511,,
Vanuatu,VUT,GDP per capita (current US$),2801.93984778858,2889.85303623403,3082.35632289041,3123.89339649956,,
World,WLD,GDP per capita (current US$),10225.5079759741,10258.0066199183,10780.8131516792,11317.2705827305,,
Samoa,WSM,GDP per capita (current US$),4073.66592865004,4109.16513737514,4258.48629189424,4183.40793504696,,
Kosovo,XKX,GDP per capita (current US$),3574.24111998804,3697.12959470956,3948.05266976444,4302.27648252378,,
"Yemen, Rep.",YEM,GDP per capita (current US$),1608.7443121263,1139.87056813026,963.494720967854,944.408499373419,,
South Africa,ZAF,GDP per capita (current US$),5734.63362915331,5272.91842475419,6132.4798409721,6374.02819575944,,
Zambia,ZMB,GDP per capita (current US$),1337.79631513515,1280.57844679257,1534.86537052245,1539.90015779907,,
Zimbabwe,ZWE,GDP per capita (current US$),1445.07106198798,1464.58352903946,1602.40350699048,2146.99638487707,,